x,country
92.240.176.230,Czechia
95.155.201.83,Sweden
213.248.126.87,United Kingdom
91.83.175.185,Hungary
188.173.54.181,Romania
84.55.86.76,Sweden
79.156.231.58,Spain
200.0.52.91,Brazil
84.236.54.133,Hungary
178.236.32.3,Iran
134.98.41.8,Sweden
87.177.178.138,Germany
195.219.192.132,United Kingdom
213.155.135.196,Germany
199.255.210.179,United States
109.89.115.221,Belgium
81.199.208.20,Israel
103.4.225.70,China
83.152.172.97,France
203.116.41.91,Singapore
187.188.175.49,Mexico
81.248.192.115,Reunion
78.189.75.94,Turkey
85.238.93.73,Hungary
85.224.22.87,Sweden
88.203.11.191,Malta
78.52.44.215,Germany
89.12.14.123,Germany
188.173.157.12,Romania
178.20.137.162,Czechia
77.2.246.173,Germany
93.182.146.137,Sweden
145.236.122.9,Hungary
193.13.108.205,Sweden
188.173.57.47,Romania
201.151.140.146,Mexico
130.117.1.161,Germany
201.151.198.117,Mexico
191.9.207.218,Brazil
91.83.175.16,Hungary
64.185.229.240,United States
94.74.243.21,Czechia
193.253.103.106,Reunion
200.23.51.101,Mexico
199.255.213.187,United States
78.69.209.180,Sweden
185.10.107.133,China
187.161.24.81,Mexico
82.224.37.192,France
83.213.56.43,Spain
83.249.245.243,Sweden
81.225.217.68,Sweden
89.221.92.93,Iran
178.164.250.135,Hungary
90.231.131.162,Sweden
80.239.196.198,United States
90.57.251.150,France
74.115.6.140,United States
187.188.201.216,Mexico
64.185.229.236,United States
92.145.151.216,France
188.173.121.149,Romania
213.185.2.45,Sweden
83.252.241.33,Sweden
81.170.163.58,Sweden
89.156.200.218,France
92.244.201.105,Sweden
201.173.76.214,Mexico
213.248.86.169,Denmark
188.173.177.136,Romania
77.2.101.239,Germany
189.218.147.69,Mexico
93.222.167.156,Germany
188.143.21.195,Hungary
80.91.251.98,Poland
94.21.47.255,Hungary
103.22.244.183,New Zealand
188.173.76.166,Romania
201.172.243.243,Mexico
94.74.243.159,Czechia
80.91.248.157,Poland
84.101.125.162,France
83.152.182.220,France
80.239.192.26,France
213.155.135.56,Germany
109.192.103.198,Germany
189.206.32.81,Mexico
83.233.171.215,Sweden
78.111.99.105,Germany
192.12.41.3,Canada
88.245.104.166,Türkiye
213.155.134.252,Germany
88.245.165.62,Türkiye
2.181.129.15,Iran
37.17.249.109,Sweden
84.236.104.75,Hungary
89.133.114.42,Hungary
84.2.222.15,Hungary
103.22.244.80,New Zealand
94.74.243.70,Czechia
213.248.73.190,France
189.204.94.140,Mexico
213.155.131.74,United States
201.172.5.3,Mexico
188.173.39.41,Romania
95.155.236.185,Sweden
178.173.216.183,Iran
130.117.14.154,Slovakia
176.63.242.64,Hungary
80.91.251.243,Poland
83.165.199.123,Spain
87.236.95.23,Sweden
213.155.130.124,United States
188.173.181.180,Romania
80.91.248.159,Poland
94.21.186.56,Hungary
148.224.51.197,Mexico
212.64.205.243,Turkey
79.188.246.174,Poland
46.143.246.137,Iran
203.126.30.178,Singapore
78.111.99.76,Germany
83.251.166.0,Sweden
189.204.115.118,Mexico
62.197.79.232,Belgium
200.44.122.58,Venezuela
83.68.245.10,Sweden
188.173.139.70,Romania
89.229.190.250,Poland
190.168.60.120,Venezuela
84.11.156.20,Turkey
86.101.131.155,Hungary
213.248.126.39,United Kingdom
172.100.1.106,United States
103.4.226.66,China
213.155.132.211,Germany
94.21.247.187,Hungary
84.1.171.233,Hungary
90.15.213.201,Guadeloupe
82.137.35.147,Romania
84.56.161.70,Germany
78.186.156.159,Türkiye
190.1.151.142,Colombia
88.174.249.201,France
213.80.110.167,Sweden
103.4.226.85,China
2.12.39.11,France
88.244.164.80,Türkiye
192.166.40.4,Germany
130.117.49.77,France
187.161.88.228,Mexico
192.0.1.115,Mexico
91.147.194.155,Hungary
103.4.225.18,China
94.21.103.127,Hungary
103.14.103.55,China
195.219.241.174,France
109.207.107.112,Poland
189.206.39.13,Mexico
79.119.77.185,Romania
78.189.154.115,Türkiye
192.36.94.3,Sweden
129.88.70.227,France
62.197.79.231,Belgium
187.194.22.208,Mexico
83.59.21.97,Spain
85.238.206.130,Sweden
79.123.165.50,Turkey
78.188.174.141,Türkiye
80.88.133.68,Denmark
41.194.4.68,Mali
189.204.6.77,Mexico
91.147.199.39,Hungary
148.243.138.71,Mexico
84.236.97.63,Hungary
192.42.43.22,Switzerland
193.196.39.10,Germany
129.69.210.96,Germany
192.36.94.2,Sweden
85.30.167.29,Sweden
212.51.218.235,Poland
192.0.3.230,United States
94.21.182.242,Hungary
200.53.126.242,Mexico
94.21.160.88,Hungary
109.192.246.207,Germany
148.245.107.2,Mexico
94.21.146.11,Hungary
148.244.208.227,Mexico
81.183.196.2,Hungary
217.153.241.101,Poland
83.177.206.238,Sweden
201.173.127.60,Mexico
187.162.148.65,Mexico
187.161.208.62,Mexico
95.112.60.245,Germany
65.75.216.5,United States
65.75.216.6,United States
130.117.48.105,United Kingdom
31.25.92.140,Iran
130.117.14.86,United Kingdom
37.218.5.43,Spain
50.7.236.106,Czechia
178.236.47.140,Hong Kong
188.173.35.4,Romania
212.40.102.186,Hungary
77.2.70.5,Germany
185.2.12.250,Iran
80.91.246.180,Poland
92.62.223.33,United Kingdom
84.2.207.26,Hungary
217.195.192.251,Turkey
81.36.101.70,Spain
189.206.115.51,Mexico
84.56.154.125,Germany
88.132.111.96,Hungary
89.135.110.235,Hungary
79.121.49.208,Hungary
148.245.105.20,Mexico
146.66.153.195,Japan
46.186.45.97,Poland
188.173.190.146,Romania
79.157.214.236,Spain
194.18.226.92,Sweden
213.248.110.43,Germany
91.147.194.179,Hungary
148.243.201.147,Mexico
188.173.59.185,Romania
188.173.115.55,Romania
190.168.60.92,Venezuela
94.21.66.16,Hungary
79.248.251.53,Germany
201.172.204.38,Mexico
88.132.2.156,Hungary
85.26.61.56,Belgium
130.117.51.237,Spain
77.243.178.217,United Kingdom
129.0.31.51,Cameroon
94.21.26.63,Hungary
79.159.172.188,Spain
84.1.204.200,Hungary
103.4.226.102,China
77.81.148.251,Iran
189.218.102.84,Mexico
130.117.3.86,Germany
130.117.1.65,Germany
201.151.226.74,Mexico
77.243.189.14,The Netherlands
188.253.26.61,Netherlands
213.155.134.250,Germany
114.36.44.77,Taiwan
95.100.96.40,Sweden
62.56.137.252,Israel
148.234.10.89,Mexico
31.41.232.218,Poland
185.4.1.1,Iran
103.14.103.90,China
62.182.146.134,Poland
95.113.99.123,Germany
212.156.246.194,Türkiye
146.66.152.152,South Korea
212.50.55.180,Türkiye
62.165.210.131,Hungary
190.182.2.233,Colombia
201.173.90.16,Mexico
94.21.108.235,Hungary
79.120.149.64,Hungary
62.20.118.202,Sweden
95.208.6.198,Germany
91.222.109.10,Poland
80.91.247.90,Poland
213.144.160.42,Brazil
83.134.155.195,Belgium
83.191.77.246,Croatia
188.173.36.69,Romania
80.91.252.226,Poland
82.232.167.120,France
94.254.123.87,Sweden
190.1.137.170,Colombia
109.105.31.70,Hungary
86.63.80.170,Poland
103.14.103.106,China
185.2.12.15,Iran
190.77.244.122,Venezuela
94.21.72.61,Hungary
130.117.42.67,France
83.254.188.211,Sweden
84.236.104.110,Hungary
91.89.125.35,Germany
37.123.151.158,Sweden
79.120.250.122,Hungary
187.161.146.22,Mexico
50.7.199.134,United Kingdom
89.102.65.36,Czechia
188.253.26.107,Netherlands
78.73.191.167,Sweden
129.88.70.226,France
193.196.39.9,Germany
95.210.171.16,France
154.106.9.4,Tunisia
217.172.240.219,Poland
187.155.40.168,Mexico
188.173.49.66,Romania
84.236.63.126,Hungary
193.255.91.12,Türkiye
187.186.113.32,Mexico
80.93.221.233,United States
188.173.188.182,Romania
109.0.236.68,France
83.252.95.154,Sweden
185.2.13.102,Iran
74.115.1.247,United States
189.218.55.58,Mexico
188.120.171.116,Sweden
78.82.168.241,Sweden
178.164.250.109,Hungary
84.157.200.112,Germany
103.14.103.104,China
50.7.255.38,Czechia
202.43.124.64,Hong Kong
94.248.194.52,Hungary
213.155.137.126,United Kingdom
94.21.139.70,Hungary
88.2.225.239,Spain
88.164.201.94,France
88.250.32.107,Turkey
103.14.103.138,China
83.173.70.148,France
77.206.54.195,France
185.2.13.146,Iran
80.98.76.211,Hungary
62.165.206.114,Hungary
88.250.104.92,Türkiye
88.176.170.228,France
201.172.177.118,Mexico
200.89.125.78,Colombia
148.224.47.13,Mexico
95.155.253.126,Sweden
81.199.5.20,Nigeria
154.134.4.6,Egypt
130.117.2.230,Germany
193.16.46.33,Hungary
210.80.2.134,Singapore
62.165.206.144,Hungary
94.248.150.202,Hungary
188.143.76.28,Hungary
62.165.206.201,Hungary
213.66.250.124,Sweden
78.8.228.126,Poland
176.240.94.41,Turkey
130.117.14.178,The Netherlands
88.249.242.81,Turkey
94.21.69.111,Hungary
103.14.103.173,China
94.21.150.137,Hungary
93.222.130.64,Germany
87.204.223.1,Poland
188.6.37.184,Hungary
80.239.167.6,France
94.21.108.34,Hungary
185.2.12.166,Iran
187.163.25.196,Mexico
31.25.89.182,Germany
188.6.145.227,Hungary
83.46.159.177,Spain
80.88.123.16,Sweden
188.173.125.53,Romania
95.114.147.141,Germany
91.43.126.156,Germany
178.164.205.60,Hungary
190.77.244.72,Venezuela
204.14.77.20,Germany
103.4.226.87,China
200.94.130.138,Mexico
192.0.3.38,United States
89.133.98.65,Hungary
213.155.133.148,Germany
82.242.238.11,France
185.2.12.18,Iran
88.66.154.222,Germany
62.165.206.241,Hungary
188.143.80.54,Hungary
145.236.107.249,Hungary
95.9.54.200,Turkey
130.117.50.121,United States
83.189.176.175,Sweden
94.21.140.197,Hungary
84.40.11.48,United Kingdom
83.233.187.133,Sweden
195.88.231.129,Italy
46.16.33.227,Russia
81.198.69.170,Latvia
189.209.246.202,Mexico
90.231.105.130,Sweden
188.253.26.17,Netherlands
217.195.203.170,Turkey
103.14.103.232,China
80.93.221.172,United States
188.253.26.22,Netherlands
176.56.174.172,Switzerland
81.182.187.71,Hungary
162.213.154.130,United States
109.3.133.242,France
109.12.177.49,France
84.2.80.69,Hungary
94.248.133.174,Hungary
185.2.12.164,Iran
46.186.45.187,Poland
94.21.176.69,Hungary
148.220.110.5,Mexico
188.6.145.243,Hungary
91.37.233.178,Germany
50.7.230.106,Czechia
77.242.155.156,Hungary
95.130.138.83,Italy
82.54.239.215,Italy
89.133.98.89,Hungary
81.182.51.99,Hungary
46.16.37.98,Russia
94.21.108.83,Hungary
85.227.170.42,Sweden
217.208.42.107,Sweden
94.21.139.218,Hungary
94.21.65.13,Hungary
78.92.64.4,Hungary
95.6.37.225,Türkiye
176.41.197.212,Türkiye
88.250.186.30,Türkiye
94.21.86.105,Hungary
84.2.241.58,Hungary
81.182.152.78,Hungary
195.219.14.22,United Kingdom
178.174.156.101,Sweden
91.83.84.85,Hungary
85.238.72.157,Hungary
62.148.66.154,Poland
92.249.153.103,Hungary
31.183.7.103,Poland
84.236.62.158,Hungary
176.70.193.251,Sweden
62.165.249.132,Hungary
154.134.4.12,Egypt
88.244.151.175,Türkiye
78.210.37.65,Italy
86.101.109.219,Hungary
130.117.48.101,Italy
83.10.204.10,Poland
88.245.177.95,Türkiye
92.249.231.249,Hungary
87.242.9.96,Hungary
78.187.31.108,Türkiye
78.131.111.111,Hungary
84.0.148.73,Hungary
88.244.144.71,Türkiye
195.88.231.130,Italy
203.126.30.134,Singapore
178.174.156.184,Sweden
88.167.197.44,France
95.173.224.223,Turkey
94.21.220.162,Hungary
178.174.154.145,Sweden
178.48.58.116,Hungary
178.174.152.91,Sweden
62.224.171.31,Germany
95.248.237.241,Italy
50.7.241.90,The Netherlands
195.38.106.102,Hungary
187.161.214.2,Mexico
88.241.206.30,Türkiye
189.210.5.8,Mexico
95.237.238.43,Italy
79.138.30.242,Sweden
78.187.30.226,Türkiye
185.2.13.154,Iran
212.156.246.174,Türkiye
46.16.33.157,Russia
2.181.129.16,Iran
87.227.6.161,Sweden
85.228.105.24,Sweden
94.21.127.5,Hungary
188.173.92.229,Romania
85.230.161.217,Sweden
148.224.47.14,Mexico
162.38.132.242,France
187.193.11.194,Mexico
83.177.178.12,Sweden
172.117.126.192,United States
83.189.178.170,Sweden
172.100.2.112,United States
192.0.1.37,Mexico
46.16.33.42,Russia
188.173.91.36,Romania
84.2.249.230,Hungary
80.91.246.97,Poland
80.239.173.208,Poland
172.100.3.33,United States
80.91.246.147,Poland
85.226.62.144,Sweden
78.189.174.125,Turkey
78.92.28.94,Hungary
189.153.14.164,Mexico
193.11.162.203,Sweden
92.249.223.228,Hungary
178.173.216.37,Iran
213.21.67.63,Sweden
46.19.137.234,Switzerland
84.0.234.220,Hungary
95.112.10.193,Germany
79.138.66.176,Sweden
189.218.175.170,Mexico
91.83.174.58,Hungary
88.65.229.210,Germany
46.16.33.17,Russia
148.224.47.191,Mexico
188.173.92.135,Romania
